model,auroc,auroc_lo,auroc_hi,auprc,auprc_lo,auprc_hi,brier,brier_lo,brier_hi,ece,ece_lo,ece_hi,mce,mce_lo,mce_hi,hl_chi2,hl_p
LogReg,0.8167254125599663,0.7913344330857172,0.840071995175622,0.36832708668126496,0.31429190912738225,0.4269682747816165,0.160063503940877,0.15334810141602437,0.16743219335537424,0.25307046739701905,0.24202280608326884,0.26426945975043487,0.5294521356187066,0.4874173612138658,0.6247960942420318,1625.9846880288405,0.0
GBM,0.8436120272110559,0.8226947215451272,0.8658144056588447,0.4246225294260664,0.3708470958549128,0.486662594209354,0.07310035315319015,0.06638454412615079,0.08051853159381395,0.027644820255344454,0.023503391083781137,0.038936503622085436,0.3447492017433078,0.2534109125552452,0.5902515132132856,67.28343822529818,1.7034929022941014e-11
