stage,model,n,mortality,AUROC (95% CI),Brier (95% CI),ECE (95% CI)
Stage 1: Dev-test (internal),LogReg,3288,0.09762773722627738,"0.817 [0.791, 0.840]","0.1601 [0.1533, 0.1674]","0.2531 [0.2420, 0.2643]"
Stage 1: Dev-test (internal),GBM,3288,0.09762773722627738,"0.844 [0.823, 0.866]","0.0731 [0.0664, 0.0805]","0.0276 [0.0235, 0.0389]"
Stage 2: Temporal (MIMIC 2014-2019),LogReg,18247,0.1037978845837672,"0.852 [0.844, 0.862]","0.1458 [0.1432, 0.1489]","0.2340 [0.2297, 0.2382]"
Stage 2: Temporal (MIMIC 2014-2019),GBM,18247,0.1037978845837672,"0.862 [0.853, 0.870]","0.0715 [0.0691, 0.0742]","0.0268 [0.0235, 0.0308]"
Stage 3: Multi-site (eICU-CRD),LogReg,93187,0.09415476407653428,"0.554 [0.547, 0.560]","0.5743 [0.5714, 0.5774]","0.5904 [0.5872, 0.5933]"
Stage 3: Multi-site (eICU-CRD),GBM,93187,0.09415476407653428,"0.784 [0.779, 0.789]","0.0772 [0.0760, 0.0784]","0.0373 [0.0356, 0.0389]"
Stage 4: Continental (SICdb),LogReg,14688,0.18518518518518517,"0.662 [0.651, 0.673]","0.1803 [0.1752, 0.1849]","0.1555 [0.1497, 0.1621]"
Stage 4: Continental (SICdb),GBM,14688,0.18518518518518517,"0.720 [0.709, 0.731]","0.1476 [0.1422, 0.1527]","0.1169 [0.1120, 0.1235]"
